city,year,latitude,longitude,population,pr
Abilene,2015,32.4543,-99.73840000000001,123420,1.7095092e-05
Akron,2015,41.0798,-81.52190000000002,565208,3.0175308e-05
Albany,2015,42.6664,-73.7987,586383,3.8933656e-05
Albuquerque,2015,35.1053,-106.64639999999997,761195,1.1403591e-05
Alexandria,2015,38.8185,-77.08609999999999,159428,4.317687e-05
Allen,2015,33.1088,-96.67349999999999,105623,2.4401003e-05
Allentown,2015,40.5961,-75.47559999999999,683794,4.712581e-05
Amarillo,2015,35.1988,-101.83109999999999,205603,1.3313515e-05
Anaheim,2015,33.839,-117.85720000000003,350365,5.120916e-06
Anchorage,2015,61.1508,-149.1091,288000,5.878837e-05
Ann Arbor,2015,42.2755,-83.7312,322267,2.2967119e-05
Antioch,2015,37.9789,-121.79579999999999,302419,1.6090871e-05
Appleton,2015,44.2779,-88.38909999999998,220570,1.7142427e-05
Arden-Arcade,2015,38.6034,-121.38099999999997,102864,1.6090871e-05
Arlington,2015,32.6998,-97.125,632318,3.2679683e-05
Arvada,2015,39.8321,-105.15109999999999,121272,2.2202817e-05
Asheville,2015,35.5704,-82.55360000000002,312507,4.9928585e-05
Athens,2015,33.9508,-83.3689,141532,5.2708278e-05
Atlanta,2015,33.7627,-84.42239999999998,5449398,4.7541802e-05
Atlantic City,2015,39.3797,-74.4527,237054,5.2515123e-05
Augusta,2015,33.3645,-82.07080000000002,390809,4.772808e-05
Aurora,2015,39.7087,-104.72730000000001,577046,2.167606e-05
Austin,2015,30.3004,-97.75220000000002,1687311,2.3003937e-05
Avondale,2015,33.3858,-112.3236,227289,5.819342e-06
Bakersfield,2015,35.3529,-119.03589999999997,579295,7.123663e-06
Baltimore,2015,39.3051,-76.61439999999999,2106068,4.647631e-05
Barnstable,2015,41.6722,-70.35989999999998,242847,5.1136445e-05
Baton Rouge,2015,30.4418,-91.13099999999997,570308,3.6577763e-05
Bayamón,2015,18.3793,-66.1635,161034,2.112592e-05
Beaumont,2015,30.0849,-94.14510000000001,146091,2.9963072e-05
Bellevue,2015,47.5951,-122.15350000000001,148164,4.391832e-05
Bellingham,2015,48.7543,-122.46870000000001,130641,5.1623065e-05
Bend,2015,44.0562,-121.30869999999999,109802,2.6093783e-05
Berkeley,2015,37.8723,-122.27600000000001,121363,1.7233293e-05
Billings,2015,45.7891,-108.55240000000003,120728,2.2546958e-05
Binghamton,2015,42.1014,-75.90930000000003,148145,3.84195e-05
Birmingham,2015,33.5277,-86.7987,739573,4.5606725e-05
Bloomington,2015,40.4757,-88.97030000000001,249730,2.8369777e-05
Boise,2015,43.6007,-116.2312,389280,1.8617175e-05
Bonita Springs,2015,26.3559,-81.78610000000003,421291,3.7330152e-05
Boston,2015,42.3188,-71.08460000000002,4688346,5.386626e-05
Boulder,2015,40.0249,-105.25229999999999,124345,2.2202817e-05
Brandon,2015,27.9367,-82.30000000000001,115911,3.9855448e-05
Bremerton,2015,47.5436,-122.7122,218400,4.391832e-05
Bridgeport,2015,41.1918,-73.19529999999997,924449,5.2127885e-05
Broken Arrow,2015,36.0365,-95.78089999999997,110198,2.389302e-05
Bronx,2015,40.8501,-73.86619999999999,1418207,5.2127885e-05
Brooklyn,2015,40.6501,-73.94960000000003,2559903,5.2127885e-05
Brownsville,2015,25.998,-97.4565,227239,2.0814963e-05
Buffalo,2015,42.9016,-78.84870000000001,914341,2.7911752e-05
Burbank,2015,34.1879,-118.32349999999997,102511,5.800943e-06
Burlington,2015,36.0758,-79.46859999999998,240806,3.7683363e-05
Cambridge,2015,42.3759,-71.11849999999998,118927,5.386626e-05
Canton,2015,40.8075,-81.36770000000001,269418,3.0175308e-05
Cape Coral,2015,26.6446,-81.99559999999997,668382,3.993685e-05
Carlsbad,2015,33.1247,-117.28370000000001,115382,5.120916e-06
Carmel,2015,39.965,-86.14600000000002,101068,2.7722446e-05
Carolina,2015,18.4054,-65.97919999999999,136771,2.112592e-05
Carrollton,2015,32.989,-96.8999,139248,2.4971087e-05
Cary,2015,35.782,-78.81909999999999,170282,4.7967333e-05
Cedar Rapids,2015,41.9665,-91.6782,188038,1.840943e-05
Centennial,2015,39.5926,-104.86739999999998,110937,2.2202817e-05
Champaign,2015,40.1144,-88.27350000000001,159443,2.3038141e-05
Chandler,2015,33.2826,-111.85160000000002,261165,8.541084e-06
Charleston,2015,32.8153,-79.96280000000002,767083,5.3433592e-05
Charlotte,2015,35.208,-80.8304,1512923,4.6578487e-05
Charlottesville,2015,38.0375,-78.4855,100416,4.4754855e-05
Chattanooga,2015,35.0657,-85.24880000000002,415501,5.4437773e-05
Chesapeake,2015,36.6778,-76.30240000000003,244835,5.5331897e-05
Chicago,2015,41.8373,-87.68619999999999,8604203,2.0624517e-05
Chico,2015,39.7575,-121.8152,117668,2.4730536e-05
Chula Vista,2015,32.6281,-117.0145,274492,5.315173e-06
Cincinnati,2015,39.1413,-84.5061,1662691,3.7974885e-05
Clarksville,2015,36.5695,-87.34199999999998,188746,4.7126407e-05
Clearwater,2015,27.9789,-82.7622,116946,3.9855448e-05
Cleveland,2015,41.4767,-81.68040000000002,1710093,2.5983645e-05
Clovis,2015,36.8278,-119.68309999999997,114584,1.3498892e-05
Coeur d'Alene,2015,47.7041,-116.7935,116834,2.2614384e-05
College Station,2015,30.5852,-96.29599999999999,215243,2.7160588e-05
Colorado Springs,2015,38.8674,-104.76060000000001,642413,1.9861265e-05
Columbia,2015,34.0376,-80.90370000000001,805677,3.8640053e-05
Columbus,2015,39.9862,-82.98500000000001,1823454,4.089493e-05
Concord,2015,37.9722,-122.0016,914109,3.190589e-05
Coral Springs,2015,26.2702,-80.25909999999999,133759,4.125045e-05
Corona,2015,33.8616,-117.56489999999997,169868,5.120916e-06
Corpus Christi,2015,27.726,-97.37549999999999,342464,2.0169788e-05
Costa Mesa,2015,33.6667,-117.9135,113003,5.120916e-06
Dallas,2015,32.7936,-96.76620000000003,5743938,2.4565588e-05
Daly City,2015,37.6862,-122.4685,106280,1.504684e-05
Danbury,2015,41.4016,-73.471,176030,5.2127885e-05
Davenport,2015,41.5563,-90.60519999999997,285362,2.0130325e-05
Davie,2015,26.0789,-80.28700000000003,106306,4.125045e-05
Dayton,2015,39.7797,-84.19979999999998,718353,3.2395157e-05
Deltona,2015,28.905,-81.21370000000002,198361,4.5463687e-05
Denton,2015,33.2176,-97.14190000000002,457177,2.4971087e-05
Denver,2015,39.7621,-104.8759,2876625,2.2202817e-05
Des Moines,2015,41.5725,-93.6105,473957,1.7082019e-05
Detroit,2015,42.3834,-83.10239999999999,3506126,2.3642075e-05
Dover,2015,39.161,-75.52030000000002,117282,5.2515123e-05
Downey,2015,33.9379,-118.13120000000004,111126,5.800943e-06
Duluth,2015,46.7756,-92.13920000000002,119476,1.5285686e-05
Durham,2015,35.9794,-78.9031,424700,4.7326233e-05
East Los Angeles,2015,34.0326,-118.16910000000001,121187,5.800943e-06
Eau Claire,2015,44.8199,-91.49490000000003,107404,1.7201324e-05
Edinburg,2015,26.3197,-98.15960000000001,101170,2.1767592e-05
El Cajon,2015,32.8017,-116.96050000000002,102708,5.315173e-06
El Centro,2015,32.7867,-115.55860000000001,111425,2.5254571e-06
El Monte,2015,34.0739,-118.02909999999997,115487,5.5014984e-06
El Paso,2015,31.8479,-106.43090000000001,843386,1.10721785e-05
Elgin,2015,42.0385,-88.3229,110849,2.1149304e-05
Elizabeth,2015,40.6657,-74.19119999999998,129216,5.2127885e-05
Elk Grove,2015,38.416,-121.38420000000002,174775,1.6090871e-05
Elkhart,2015,41.6916,-85.96280000000002,147567,2.158049e-05
Enterprise,2015,36.0164,-115.2208,171108,7.689203e-06
Erie,2015,42.1168,-80.07330000000002,184484,2.961005e-05
Escondido,2015,33.1347,-117.07220000000001,151625,5.120916e-06
Eugene,2015,44.0563,-123.1173,273439,3.3255335e-05
Evansville,2015,37.9881,-87.53409999999997,230427,3.549093e-05
Everett,2015,47.9525,-122.1669,111475,4.391832e-05
Fairfield,2015,38.2592,-122.0324,148683,1.7233293e-05
Fargo,2015,46.8652,-96.82920000000001,208675,1.4408007e-05
Fayetteville,2015,36.0713,-94.166,678681,3.9250874e-05
Flint,2015,43.0235,-83.69220000000001,332190,2.3282184e-05
Fontana,2015,34.0968,-117.4599,214547,5.5014984e-06
Fort Collins,2015,40.5478,-105.06560000000002,312666,2.0562113e-05
Fort Lauderdale,2015,26.1412,-80.14639999999997,182437,4.125045e-05
Fort Smith,2015,35.3493,-94.36950000000002,125354,3.1894975e-05
Fort Wayne,2015,41.0886,-85.14369999999997,334122,2.5052199e-05
Fort Worth,2015,32.7811,-97.34730000000002,909585,2.2182496e-05
Frederick,2015,39.4336,-77.41410000000002,156787,4.317687e-05
Fredericksburg,2015,38.2992,-77.48720000000003,168909,4.520362e-05
Fremont,2015,37.5265,-121.98520000000002,241110,1.504684e-05
Fresno,2015,36.7831,-119.79410000000001,703498,1.3498892e-05
Frisco,2015,33.1555,-96.82150000000001,200490,2.4401003e-05
Fullerton,2015,33.8841,-117.92790000000002,138632,5.120916e-06
Gainesville,2015,29.6804,-82.3458,369706,4.8558646e-05
Garden Grove,2015,33.7787,-117.96010000000001,171644,5.120916e-06
Garland,2015,32.91,-96.63049999999998,239928,2.4565588e-05
Gastonia,2015,35.2494,-81.18529999999998,182581,4.6578487e-05
Gilbert,2015,33.3101,-111.74630000000002,254114,8.541084e-06
Gilroy,2015,37.0047,-121.58550000000002,118993,1.23649725e-05
Glendale,2015,33.5791,-112.23109999999997,451684,5.8101423e-06
Grand Junction,2015,39.0876,-108.56729999999999,139143,1.6373879e-05
Grand Prairie,2015,32.6872,-97.02089999999998,194543,2.2182496e-05
Grand Rapids,2015,42.962,-85.65620000000001,609314,2.049194e-05
Greeley,2015,40.4151,-104.7706,137810,2.2202817e-05
Green Bay,2015,44.515,-87.9896,207557,1.7020697e-05
Greensboro,2015,36.0956,-79.82690000000002,343090,4.6699995e-05
Greenville,2015,34.8353,-82.36469999999997,614583,4.996188e-05
Gresham,2015,45.5023,-122.44130000000001,109381,3.4206474e-05
Gulfport,2015,30.4271,-89.07029999999997,220987,4.0560943e-05
Hagerstown,2015,39.6401,-77.7217,184755,3.8578026e-05
Hampton,2015,37.0551,-76.363,134510,5.2837746e-05
Harlingen,2015,26.1917,-97.69759999999997,136037,2.0814963e-05
Harrisburg,2015,40.2752,-76.8843,442289,3.8578026e-05
Hartford,2015,41.7661,-72.6834,905152,5.1812167e-05
Hayward,2015,37.6328,-122.0772,159203,1.504684e-05
Hemet,2015,33.7341,-116.99689999999998,177253,5.120916e-06
Henderson,2015,36.0133,-115.03800000000001,320189,7.689203e-06
Hialeah,2015,25.8696,-80.3046,233339,4.125045e-05
Hickory,2015,35.7425,-81.32299999999998,218323,4.6578487e-05
High Point,2015,35.9907,-79.99379999999996,179913,4.6699995e-05
Highlands Ranch,2015,39.5419,-104.9708,105631,1.9861265e-05
Hillsboro,2015,45.5272,-122.93610000000001,109128,3.4206474e-05
Holland,2015,42.7677,-86.0985,100432,2.049194e-05
Hollywood,2015,26.0294,-80.16790000000003,154817,4.125045e-05
Honolulu,2015,21.3294,-157.846,820987,2.7655231e-05
Houma,2015,29.5799,-90.70580000000001,140469,4.0277384e-05
Houston,2015,29.7863,-95.38890000000004,5464251,2.7614942e-05
Huntington,2015,38.4109,-82.43439999999998,186034,4.5996585e-05
Huntington Beach,2015,33.696,-118.0025,199223,5.120916e-06
Huntsville,2015,34.6988,-86.64120000000003,319249,4.9522278e-05
Idaho Falls,2015,43.4872,-112.03620000000001,100442,1.4195005e-05
Independence,2015,39.0871,-94.3501,116672,2.2664832e-05
Indianapolis,2015,39.7771,-86.14580000000001,1588961,2.7722446e-05
Indio,2015,33.7346,-116.2346,417059,3.2413166e-06
Inglewood,2015,33.9566,-118.34440000000001,108151,5.800943e-06
Iowa City,2015,41.6559,-91.53030000000001,118041,1.840943e-05
Irvine,2015,33.6772,-117.7738,287401,5.120916e-06
Irving,2015,32.8584,-96.97019999999998,239798,2.2182496e-05
Jackson,2015,32.3163,-90.2124,325350,3.8409682e-05
Jacksonville,2015,30.3322,-81.67489999999998,1290352,5.38671e-05
Jersey City,2015,40.7161,-74.06819999999999,262075,5.2127885e-05
Johnson City,2015,36.3406,-82.38030000000003,127571,4.8657774e-05
Joliet,2015,41.5189,-88.1499,147344,2.1149304e-05
Jurupa Valley,2015,34.001,-117.47050000000002,109527,5.5014984e-06
Kalamazoo,2015,42.2749,-85.58820000000003,215193,2.2948894e-05
Kansas City,2015,39.1239,-94.5541,1789675,2.1490823e-05
Kennewick,2015,46.1978,-119.17320000000001,240735,1.2263532e-05
Kenosha,2015,42.5864,-87.87649999999996,124972,1.9883259e-05
Kent,2015,47.3887,-122.21289999999999,132319,4.391832e-05
Killeen,2015,31.0754,-97.7296,258009,2.3003937e-05
Kingsport,2015,36.5224,-82.5453,119666,4.8657774e-05
Kissimmee,2015,28.3042,-81.41640000000001,382720,4.5463687e-05
Knoxville,2015,35.9692,-83.94960000000003,586048,5.0398143e-05
La Crosse,2015,43.824,-91.22680000000003,100693,1.6569424e-05
Lafayette,2015,30.2084,-92.03230000000002,422177,2.9881849e-05
Lake Charles,2015,30.2012,-93.2122,156181,2.9985888e-05
Lakeland,2015,28.0556,-81.9545,302284,3.9855448e-05
Lakewood,2015,39.6977,-105.11680000000001,157935,2.2202817e-05
Lancaster,2015,40.0421,-76.3012,744828,2.4556362e-05
Lansing,2015,42.7142,-84.56010000000003,324286,2.2170856e-05
Laredo,2015,27.5629,-99.48750000000001,262491,1.5436637e-05
Las Cruces,2015,32.3265,-106.7892,136254,1.0935983e-05
Las Vegas,2015,36.2333,-115.2654,2104198,7.689203e-06
League City,2015,29.4873,-95.1087,107536,2.7614942e-05
Leesburg,2015,28.7657,-81.89960000000002,154574,4.2841068e-05
Lehigh Acres,2015,26.612,-81.6388,123378,4.2365395e-05
Leominster,2015,42.5209,-71.77170000000001,119690,5.0714167e-05
Lewisville,2015,33.0452,-96.98230000000001,109212,2.4971087e-05
Lexington,2015,38.0423,-84.45870000000002,323152,4.4660803e-05
Lincoln,2015,40.809,-96.67880000000002,289490,1.6930913e-05
Little Rock,2015,34.7256,-92.35759999999999,439815,3.3432923e-05
Logan,2015,41.74,-111.84190000000001,101616,1.7941164e-05
Long Beach,2015,33.7981,-118.16750000000002,462628,5.7323814e-06
Longmont,2015,40.1686,-105.10050000000001,102474,2.2202817e-05
Longview,2015,32.5193,-94.76210000000003,100330,2.7637894e-05
Lorain,2015,41.4409,-82.18399999999997,180279,2.7687538e-05
Los Angeles,2015,34.1139,-118.40679999999998,12750807,5.800943e-06
Louisville,2015,38.1663,-85.64850000000001,1005654,3.9366976e-05
Lowell,2015,42.6389,-71.32170000000002,110997,5.0714167e-05
Lubbock,2015,33.5659,-101.88779999999997,267648,1.5307709e-05
Lynchburg,2015,37.4003,-79.1909,126814,4.6103174e-05
Macon,2015,32.8065,-83.69740000000002,153159,4.7910624e-05
Madison,2015,43.0826,-89.3931,447245,1.8195771e-05
Manchester,2015,42.9848,-71.44470000000001,162877,5.0714167e-05
Manhattan,2015,40.7834,-73.96620000000001,1628706,5.2127885e-05
Manteca,2015,37.7927,-121.22640000000001,103420,1.6090871e-05
Marysville,2015,48.0809,-122.15609999999998,170009,5.1623065e-05
Mauldin,2015,34.7849,-82.3005,133872,4.8856356e-05
McAllen,2015,26.2273,-98.24709999999999,804114,2.1767592e-05
McKinney,2015,33.2015,-96.6669,258277,2.4401003e-05
Medford,2015,42.3372,-122.8537,170876,3.303935e-05
Memphis,2015,35.1046,-89.97730000000001,1066967,3.681631e-05
Merced,2015,37.3057,-120.4778,145149,1.3498892e-05
Meridian,2015,43.6112,-116.39679999999998,114161,1.8617175e-05
Mesa,2015,33.4017,-111.71800000000002,518012,8.541084e-06
Mesquite,2015,32.7623,-96.58889999999997,140937,2.4565588e-05
Metairie,2015,29.9977,-90.178,142135,4.071789e-05
Miami,2015,25.7839,-80.21019999999999,6445545,4.125045e-05
Miami Gardens,2015,25.9433,-80.24259999999998,110001,4.125045e-05
Midland,2015,32.0249,-102.1137,154793,1.384677e-05
Milwaukee,2015,43.0642,-87.96730000000002,1365787,1.9883259e-05
Minneapolis,2015,44.9635,-93.26779999999997,2977172,1.6674197e-05
Miramar,2015,25.9773,-80.33510000000001,141191,4.125045e-05
Mission Viejo,2015,33.6095,-117.65499999999997,590249,5.120916e-06
Mobile,2015,30.6783,-88.11619999999999,315502,4.060695e-05
Modesto,2015,37.6374,-121.00279999999998,383134,1.23649725e-05
Monroe,2015,32.5183,-92.07740000000001,112891,3.2054784e-05
Montgomery,2015,32.3473,-86.26659999999998,254634,4.379742e-05
Moreno Valley,2015,33.9244,-117.2045,213055,5.120916e-06
Murfreesboro,2015,35.8492,-86.4119,179951,5.0145984e-05
Murrieta,2015,33.572,-117.1909,496046,5.120916e-06
Muskegon,2015,43.2281,-86.25630000000001,153565,2.049194e-05
Myrtle Beach,2015,33.7096,-78.8843,275579,5.795001e-05
Nampa,2015,43.5845,-116.56310000000002,184428,1.8617175e-05
Naperville,2015,41.7483,-88.16570000000002,148449,2.1149304e-05
Nashua,2015,42.7491,-71.49099999999999,233917,5.0714167e-05
Nashville,2015,36.1715,-86.78430000000003,1081903,5.0145984e-05
New Bedford,2015,41.6697,-70.94280000000003,149910,5.386626e-05
New Haven,2015,41.3112,-72.9246,564830,5.433148e-05
New Orleans,2015,30.0687,-89.92880000000002,1020886,4.071789e-05
New York,2015,40.6943,-73.92489999999998,18713220,5.2127885e-05
Newark,2015,40.7245,-74.17250000000001,282011,5.2127885e-05
Newport News,2015,37.1051,-76.51850000000002,179225,5.2837746e-05
Norfolk,2015,36.8945,-76.25900000000001,242742,5.2837746e-05
Norman,2015,35.2335,-97.34710000000001,124880,2.3245462e-05
North Charleston,2015,32.9066,-80.07220000000001,115382,5.8426875e-05
North Las Vegas,2015,36.288,-115.0901,251974,7.689203e-06
North Port,2015,27.0577,-82.19749999999999,209070,3.993685e-05
Norwalk,2015,33.9069,-118.0829,103949,5.120916e-06
Norwich,2015,41.5495,-72.08820000000003,200289,5.1812167e-05
Oakland,2015,37.7903,-122.2165,433031,1.7233293e-05
Ocala,2015,29.178,-82.15109999999999,169383,4.2841068e-05
Oceanside,2015,33.2247,-117.30830000000003,175742,5.120916e-06
Odessa,2015,31.8831,-102.3406,155998,1.384677e-05
Ogden,2015,41.2278,-111.96820000000002,578523,1.4553956e-05
Oklahoma City,2015,35.4676,-97.5136,972943,2.3245462e-05
Olathe,2015,38.8832,-94.81979999999999,140545,2.1490823e-05
Olympia,2015,47.0417,-122.89589999999998,200915,3.971419e-05
Omaha,2015,41.2627,-96.05219999999997,847819,1.6930913e-05
Ontario,2015,34.0393,-117.60640000000001,185010,5.5014984e-06
Orange,2015,33.8038,-117.8218,138669,5.120916e-06
Orlando,2015,28.4772,-81.33690000000001,1822394,4.5463687e-05
Overland Park,2015,38.887,-94.68700000000001,195494,2.1490823e-05
Oxnard,2015,34.1963,-119.18150000000003,387647,5.800943e-06
Palm Bay,2015,27.955,-80.66269999999997,507002,4.4420554e-05
Palm Coast,2015,29.5392,-81.24599999999998,417007,4.8737744e-05
Palmdale,2015,34.5944,-118.10570000000001,155079,5.5014984e-06
Panama City,2015,30.1995,-85.60039999999998,136133,4.1234558e-05
Paradise,2015,36.0807,-115.13689999999997,235087,7.689203e-06
Pasadena,2015,29.6583,-95.1499,292256,1.6707943e-05
Paterson,2015,40.9147,-74.16239999999999,145233,5.2127885e-05
Pearland,2015,29.5585,-95.32150000000001,122460,2.7614942e-05
Pembroke Pines,2015,26.0128,-80.33820000000003,173591,4.125045e-05
Pensacola,2015,30.4427,-87.18860000000001,346921,4.060695e-05
Peoria,2015,40.752,-89.61529999999999,432247,1.36515755e-05
Philadelphia,2015,40.0077,-75.13389999999998,5649300,5.0393483e-05
Phoenix,2015,33.5722,-112.08910000000003,4219697,5.819342e-06
Pittsburgh,2015,40.4396,-79.9762,1703266,4.0098566e-05
Plano,2015,33.0502,-96.74869999999999,287677,2.4401003e-05
Pomona,2015,34.0585,-117.76260000000002,151691,5.5014984e-06
Pompano Beach,2015,26.2428,-80.13120000000004,112118,4.125045e-05
Ponce,2015,18.012,-66.6198,113401,2.112592e-05
Port Arthur,2015,29.8554,-93.9264,154468,2.9963072e-05
Port St. Lucie,2015,27.2796,-80.38830000000002,461152,4.5616354e-05
Portland,2015,45.5372,-122.64999999999998,2278744,4.1195737e-05
Pottstown,2015,40.2507,-75.64440000000002,108758,4.3311782e-05
Poughkeepsie,2015,41.6949,-73.92099999999999,394760,4.5608333e-05
Prescott Valley,2015,34.5983,-112.31759999999997,101539,8.160243e-06
Providence,2015,41.823,-71.4187,1203230,5.386626e-05
Provo,2015,40.2457,-111.64570000000003,500617,1.705134e-05
Pueblo,2015,38.2705,-104.6112,143932,1.7806915e-05
Queens,2015,40.7498,-73.79759999999999,2230722,5.2127885e-05
Racine,2015,42.7274,-87.81349999999998,130142,1.9883259e-05
Raleigh,2015,35.8325,-78.64350000000002,1038738,4.7326233e-05
Rancho Cucamonga,2015,34.1248,-117.5666,177603,5.5014984e-06
Reading,2015,40.34,-75.92669999999998,267155,4.3311782e-05
Redding,2015,40.5698,-122.36500000000001,121313,3.5564255e-05
Reno,2015,39.5497,-119.8483,445020,1.8576655e-05
Renton,2015,47.4784,-122.19190000000003,101751,4.391832e-05
Rialto,2015,34.1174,-117.38940000000002,103526,5.5014984e-06
Richardson,2015,32.9717,-96.70929999999998,121323,2.4565588e-05
Richmond,2015,37.5295,-77.47559999999999,1186365,3.2417953e-05
Riverside,2015,33.9381,-117.39480000000003,2107852,5.5014984e-06
Roanoke,2015,37.2785,-79.95799999999997,214674,4.818197e-05
Rochester,2015,43.168,-77.61619999999999,823894,2.2878477e-05
Rock Hill,2015,34.9416,-81.02440000000001,119105,4.6578487e-05
Rockford,2015,42.2597,-89.0641,282762,2.1149304e-05
Roseville,2015,38.7703,-121.31959999999998,141500,2.237535e-05
Round Lake Beach,2015,42.379,-88.08109999999999,279381,2.0624517e-05
Round Rock,2015,30.5254,-97.666,133372,2.3003937e-05
Sacramento,2015,38.5667,-121.4683,1898019,1.6090871e-05
Saginaw,2015,43.4199,-83.95010000000002,117958,2.171927e-05
Salem,2015,44.9231,-123.02460000000002,266804,3.2878594e-05
Salinas,2015,36.6884,-121.63170000000002,190972,1.1025127e-05
Salisbury,2015,38.3756,-75.58670000000001,106447,5.780645e-05
Salt Lake City,2015,40.7777,-111.93060000000003,1098526,1.4553956e-05
San Angelo,2015,31.4424,-100.45060000000001,101004,1.6064809e-05
San Antonio,2015,29.4658,-98.52530000000002,2049293,1.8920606e-05
San Bernardino,2015,34.1417,-117.2946,215784,5.5014984e-06
San Buenaventura,2015,34.2741,-119.23140000000001,109106,5.800943e-06
San Diego,2015,32.8312,-117.1225,3220118,5.315173e-06
San Francisco,2015,37.7562,-122.44299999999998,3592294,1.7233293e-05
San Jose,2015,37.3019,-121.84860000000003,1798103,1.23649725e-05
San Juan,2015,18.4037,-66.06360000000001,323279,2.112592e-05
San Mateo,2015,37.5521,-122.31220000000002,104430,1.504684e-05
Sandy Springs,2015,33.9366,-84.37029999999999,109452,5.2708278e-05
Santa Ana,2015,33.7366,-117.88189999999997,332318,5.120916e-06
Santa Barbara,2015,34.4285,-119.72019999999998,202401,5.8366895e-06
Santa Clara,2015,37.3645,-121.96800000000002,130365,1.504684e-05
Santa Clarita,2015,34.4175,-118.4964,312446,5.800943e-06
Santa Cruz,2015,36.9789,-122.03460000000001,176428,1.504684e-05
Santa Fe,2015,35.6619,-105.9819,111269,1.1403591e-05
Santa Maria,2015,34.9334,-120.44319999999999,140545,7.15124e-06
Santa Rosa,2015,38.4458,-122.70670000000001,324634,1.7233293e-05
Sarasota,2015,27.3386,-82.54309999999998,722243,3.9855448e-05
Savannah,2015,32.0281,-81.17840000000001,276295,5.2639753e-05
Scottsdale,2015,33.6872,-111.86509999999998,258069,8.541084e-06
Scranton,2015,41.4044,-75.66489999999999,384250,4.1852618e-05
Seaside,2015,36.6224,-121.81909999999999,116720,1.1025127e-05
Seattle,2015,47.6211,-122.32439999999997,3789215,4.391832e-05
Shreveport,2015,32.4656,-93.79559999999998,280062,3.0112302e-05
Simi Valley,2015,34.2663,-118.74900000000002,126589,5.800943e-06
Sioux City,2015,42.4959,-96.39010000000002,106455,1.54046e-05
Sioux Falls,2015,43.5397,-96.73199999999997,187239,1.5530115e-05
South Bend,2015,41.6767,-86.26959999999997,280498,2.158049e-05
South Lyon,2015,42.4614,-83.6526,124694,2.3282184e-05
Sparks,2015,39.5729,-119.71569999999997,105006,1.8576655e-05
Spartanburg,2015,34.9437,-81.9257,182701,4.9928585e-05
Spokane,2015,47.6671,-117.43299999999999,412275,1.6508488e-05
Spokane Valley,2015,47.6626,-117.2346,101060,1.6508488e-05
Spring Hill,2015,28.4797,-82.52999999999997,111076,4.2841068e-05
Spring Valley,2015,36.0987,-115.26189999999997,207127,7.689203e-06
Springfield,2015,42.1155,-72.53949999999998,1070000,3.367355e-05
St. Cloud,2015,45.5339,-94.17180000000002,115028,1.5357493e-05
St. George,2015,37.077,-113.577,120899,1.1720055e-05
St. Louis,2015,38.6358,-90.24509999999998,2024074,2.7561759e-05
St. Paul,2015,44.9477,-93.10399999999998,308096,1.7961485e-05
St. Petersburg,2015,27.7931,-82.66520000000003,265351,3.9855448e-05
Stamford,2015,41.1035,-73.55830000000003,129638,5.2127885e-05
Staten Island,2015,40.5834,-74.14960000000002,476143,5.2127885e-05
Sterling Heights,2015,42.5809,-83.03050000000002,132438,2.4310357e-05
Stockton,2015,37.9765,-121.3109,397264,1.6090871e-05
Sugar Land,2015,29.5935,-95.63569999999999,118488,2.634272e-05
Sunnyvale,2015,37.3836,-122.0256,152703,1.504684e-05
Sunrise Manor,2015,36.1785,-115.04899999999998,193781,7.689203e-06
Surprise,2015,33.68,-112.45240000000001,141664,5.819342e-06
Syracuse,2015,43.0409,-76.1438,404223,3.2788077e-05
Tacoma,2015,47.2431,-122.4531,217827,4.391832e-05
Tallahassee,2015,30.4551,-84.25260000000003,257601,4.2235584e-05
Tampa,2015,27.9942,-82.44510000000002,2908063,3.9855448e-05
Temecula,2015,33.4928,-117.13150000000002,114761,5.120916e-06
Tempe,2015,33.3881,-111.93180000000001,195805,5.819342e-06
Temple,2015,31.1076,-97.38940000000002,107258,2.2038561e-05
Texas City,2015,29.4128,-94.9658,118169,2.7614942e-05
The Woodlands,2015,30.1738,-95.51339999999999,113819,2.9180692e-05
Thornton,2015,39.9197,-104.94380000000001,141464,2.2202817e-05
Thousand Oaks,2015,34.1914,-118.87549999999999,215029,5.800943e-06
Toledo,2015,41.6639,-83.5822,482111,2.2967119e-05
Topeka,2015,39.0346,-95.69549999999998,147458,1.9123168e-05
Torrance,2015,33.8346,-118.3417,143592,5.7323814e-06
Tracy,2015,37.7269,-121.4522,100049,1.6090871e-05
Trenton,2015,40.2236,-74.76409999999998,290716,5.0393483e-05
Tucson,2015,32.1545,-110.87819999999999,888486,7.669637e-06
Tulsa,2015,36.1284,-95.9042,671033,2.389302e-05
Turlock,2015,37.5053,-120.85879999999997,107317,1.23649725e-05
Tuscaloosa,2015,33.2348,-87.5267,155499,4.3895165e-05
Tyler,2015,32.3184,-95.30619999999999,143796,2.7637894e-05
Utica,2015,43.0961,-75.226,112650,3.5798323e-05
Vacaville,2015,38.359,-121.96800000000002,101444,1.7233293e-05
Vallejo,2015,38.1133,-122.23579999999998,173256,1.7233293e-05
Vancouver,2015,45.6366,-122.5967,184463,3.4206474e-05
Victorville,2015,34.5277,-117.35360000000003,346789,5.5014984e-06
Virginia Beach,2015,36.7335,-76.0435,1478868,5.5331897e-05
Visalia,2015,36.3276,-119.32690000000002,237386,9.446471e-06
Vista,2015,33.1896,-117.23860000000002,101638,5.120916e-06
Waco,2015,31.5598,-97.18810000000002,192315,2.2038561e-05
Warner Robins,2015,32.597,-83.65289999999999,155140,4.7910624e-05
Warren,2015,42.4934,-83.02699999999999,133943,2.4310357e-05
Washington,2015,38.9047,-77.0163,5379184,4.317687e-05
Waterbury,2015,41.5583,-73.03610000000003,189614,5.1812167e-05
Waterloo,2015,42.492,-92.35219999999998,111631,1.659376e-05
West Covina,2015,34.0555,-117.91120000000001,105101,5.5014984e-06
West Jordan,2015,40.6024,-112.00080000000003,116480,1.4553956e-05
West Palm Beach,2015,26.7468,-80.13159999999999,111955,4.5616354e-05
West Valley City,2015,40.6889,-112.01150000000001,135248,1.4553956e-05
Westminster,2015,39.8837,-105.06240000000003,113166,2.2202817e-05
Wichita,2015,37.6896,-97.3442,482249,1.6332966e-05
Wichita Falls,2015,33.9072,-98.52909999999997,104683,2.2462385e-05
Wilmington,2015,34.21,-77.88659999999999,255616,5.6286124e-05
Winston-Salem,2015,36.1029,-80.2611,422269,4.6699995e-05
Winter Haven,2015,28.0118,-81.70170000000002,267069,4.4420554e-05
Worcester,2015,42.2705,-71.80790000000002,498328,5.386626e-05
Yakima,2015,46.5923,-120.5496,133191,1.4213063e-05
Yonkers,2015,40.9466,-73.86739999999998,200370,5.2127885e-05
York,2015,39.9651,-76.73149999999998,233184,4.3311782e-05
Youngstown,2015,41.0993,-80.6463,378732,3.0175308e-05
Yuba City,2015,39.1357,-121.63810000000001,120456,2.237535e-05
Yuma,2015,32.5992,-114.54880000000003,142847,2.5254571e-06
